{"0": 0.5409379314153623, "1": 0.5344815805936471, "2": 0.5301143820469196, "3": 0.5211035332618615, "4": 0.6200671455799005, "5": 0.6082039000132144, "6": 0.5103507952812391, "7": 0.50364133364115, "8": 0.5123634127470164, "9": 0.49194432833255863, "10": 0.5844259518843431, "11": 0.5206947289980375, "12": 0.5193778967246031, "13": 0.5165338413837629, "14": 0.5460121937287159, "15": 0.49431342818798163, "16": 0.5463853105520591, "17": 0.5514978090922038, "18": 0.5356125437296354, "19": 0.495370334539658, "20": 0.5017457998715914, "21": 0.48260689958547937, "22": 0.5148603790845626, "23": 0.4745661021807255, "24": 0.49495019759887304, "25": 0.49603867316857364, "26": 0.49672949925447124, "27": 0.5320248995071802, "28": 0.4976169583124992, "29": 0.5891672831315261, "30": 0.45253705214231443, "31": 0.43609138207557874, "32": 0.43780882893464507, "33": 0.43330925886447613, "34": 0.429975696404775, "35": 0.43575096405469455, "36": 0.42285111974447204, "37": 0.44480624328821133, "38": 0.44224796417431955, "39": 0.43335090569960766, "40": 0.4505349004879976, "41": 0.43053040343981525, "42": 0.43670143500352515, "43": 0.4278818717369666, "44": 0.42515793702541255, "45": 0.4293276471969409, "46": 0.43489715946026336, "47": 0.44412807256747516, "48": 0.4349301376403906, "49": 0.4208484480014214, "50": 0.4313259298984821, "51": 0.4298198932256454, "52": 0.433744667050166, "53": 0.43220264682402976, "54": 0.4390354119814359, "55": 0.4399554579685896, "56": 0.43736554246682385, "57": 0.4410141062278014, "58": 0.44392963785391587, "59": 0.4397302554203914, "60": 0.42888393723047696, "61": 0.4215704633639409, "62": 0.42999764038966254, "63": 0.43304995023287257, "64": 0.4386540073614854, "65": 0.4263779525573437, "66": 0.433500931201837, "67": 0.42903688351313274, "68": 0.41799422762332816, "69": 0.4382077680184291, "70": 0.4259297435100262, "71": 0.4193595455243037, "72": 0.431034499559647, "73": 0.432746426264445, "74": 0.42859976505621883, "75": 0.41548061523682034, "76": 0.4298859579440875, "77": 0.4263614423764058, "78": 0.42371722627908753, "79": 0.43322131297527217, "80": 0.4311260868341495, "81": 0.4261306469257061, "82": 0.4379490396915338, "83": 0.4352044551800459, "84": 0.4290076977167374, "85": 0.4205868606383984, "86": 0.42709754735995564, "87": 0.42864046127368244, "88": 0.4228579275118999, "89": 0.42654194831848147, "90": 0.4393594894653712, "91": 0.43090520119055725, "92": 0.43077500875179586, "93": 0.43059799197392584, "94": 0.4285697348606892, "95": 0.4249034725702726, "96": 0.42868026051765834, "97": 0.42087283424842054, "98": 0.43533863089023495, "99": 0.44112606935012033}