{"0": 10.521882423987755, "1": 1.3719483653704325, "2": 1.4096449280396486, "3": 1.2778016527493794, "4": 1.5103634791496472, "5": 1.1235158525980435, "6": 1.3763003630515858, "7": 0.9265632556034968, "8": 0.8577800140931056, "9": 0.982478784597837, "10": 0.9897692460280199, "11": 0.6878455052008996, "12": 0.8996662069589664, "13": 0.8262909543819916, "14": 0.7028756228777079, "15": 0.9310797043335743, "16": 0.6258352952125745, "17": 0.6041325373527331, "18": 0.658130586758638, "19": 0.5770753105481465, "20": 0.6557088799965687, "21": 0.6613517081126189, "22": 0.6542413213314154, "23": 0.6157233895399632, "24": 0.6992144265235999, "25": 0.5657781652915173, "26": 0.6261688531973423, "27": 0.6089679999229235, "28": 0.5833906234839024, "29": 0.5490952604856246, "30": 0.44507944675592276, "31": 0.4453047439073905, "32": 0.45710082283386816, "33": 0.44325841115071224, "34": 0.44424468462283795, "35": 0.436014677469547, "36": 0.4445269022232447, "37": 0.4513616676513965, "38": 0.43887432783077923, "39": 0.4604497256951454, "40": 0.4436966753922976, "41": 0.4444144620345189, "42": 0.44336929290722576, "43": 0.43418816725413006, "44": 0.45433618747271026, "45": 0.4458975281470861, "46": 0.44468043538240287, "47": 0.44456358276880703, "48": 0.44151526093482973, "49": 0.4392838306916066, "50": 0.4276363505766942, "51": 0.44462981804823265, "52": 0.4453566094239553, "53": 0.44176921324852186, "54": 0.4404521798476195, "55": 0.45103528193938425, "56": 0.4477275075056614, "57": 0.45294015697943857, "58": 0.4483484760308877, "59": 0.4430075617936941, "60": 0.4357255260149638, "61": 0.44358850106214864, "62": 0.44420824539967074, "63": 0.4344145756501418, "64": 0.4464870348954812, "65": 0.4381079352819003, "66": 0.4342936702263661, "67": 0.44508412862435365, "68": 0.44843158706640585, "69": 0.4376981464716104, "70": 0.44339302335029995, "71": 0.4354274332523346, "72": 0.4446282351628328, "73": 0.4416851493028494, "74": 0.4448509023739741, "75": 0.43917486514800635, "76": 0.432554832024452, "77": 0.4282962884658422, "78": 0.438090867568285, "79": 0.44756095577508975, "80": 0.44345140029222535, "81": 0.440528484644034, "82": 0.4486105640729268, "83": 0.4326822578907013, "84": 0.4393369893232981, "85": 0.44009458223978676, "86": 0.42525933583577474, "87": 0.4276785758825449, "88": 0.440743568004706, "89": 0.445905115818366, "90": 0.4395972979374421, "91": 0.4540346434483161, "92": 0.435219504741522, "93": 0.4369983642529219, "94": 0.4410951071824783, "95": 0.435633036112174, "96": 0.43227731020022664, "97": 0.4370307019123664, "98": 0.4337596216262915, "99": 0.43517415615228505}