{"0": 0.24748210547139676, "1": 0.29862873445664984, "2": 0.27280715846110326, "3": 0.3037223945825528, "4": 0.24584929934368493, "5": 0.2650218517779229, "6": 0.3028191148088529, "7": 0.3167158263616073, "8": 0.30673316834637754, "9": 0.2977543621521013, "10": 0.30789289841285117, "11": 0.3352893554486143, "12": 0.293981361336624, "13": 0.3168418211603309, "14": 0.31184770883992313, "15": 0.32356187448812984, "16": 0.2965587299472342, "17": 0.27431615198283676, "18": 0.3020787896206364, "19": 0.2943110677294242, "20": 0.2858920140144153, "21": 0.3064782186685942, "22": 0.29588747905232965, "23": 0.3304205517368152, "24": 0.3138250415428327, "25": 0.30855664145679046, "26": 0.3342939204703539, "27": 0.3080760379536794, "28": 0.34662702257434524, "29": 0.28191687770856494, "30": 0.3809409288641734, "31": 0.3629915238573001, "32": 0.3658141514429679, "33": 0.372061015245242, "34": 0.3626542970156058, "35": 0.35960334432430757, "36": 0.37741729555985865, "37": 0.3496388416259717, "38": 0.32626976172129313, "39": 0.35837299961310165, "40": 0.2917013589388285, "41": 0.3512986464378161, "42": 0.32901296936548674, "43": 0.36260470977196324, "44": 0.370254089587774, "45": 0.37457060722204355, "46": 0.34504303687658067, "47": 0.3249062160650889, "48": 0.3324725504104908, "49": 0.3795602234510275, "50": 0.36812073649504246, "51": 0.3606632192165424, "52": 0.34954196229959145, "53": 0.34663266233908824, "54": 0.3303247853731498, "55": 0.32945597630280715, "56": 0.316645003358523, "57": 0.3224939830792256, "58": 0.31126017998426386, "59": 0.30265218768364344, "60": 0.33512380306537337, "61": 0.34447948993780675, "62": 0.33706204914129695, "63": 0.33405761688183516, "64": 0.32167212749138857, "65": 0.3431101646178808, "66": 0.33519231226199714, "67": 0.3407277686473651, "68": 0.35489111068921214, "69": 0.3302637318770091, "70": 0.34788674605198394, "71": 0.3694198243128948, "72": 0.34087983392752136, "73": 0.34455869923799465, "74": 0.34419362590863156, "75": 0.37172412413817185, "76": 0.3525839076592372, "77": 0.36025336201374347, "78": 0.36193647109545196, "79": 0.34730099875193376, "80": 0.3441141337156296, "81": 0.35596537070396617, "82": 0.3416940109087871, "83": 0.33656569444216217, "84": 0.3511495462594888, "85": 0.36295878650286256, "86": 0.35443659822146095, "87": 0.35434429018925395, "88": 0.3679585896241359, "89": 0.3554527835204051, "90": 0.3464726317769442, "91": 0.35002111677940073, "92": 0.3543168652516145, "93": 0.35265481777680224, "94": 0.3564722777941288, "95": 0.3589563456865457, "96": 0.3609555273483961, "97": 0.3648864385409233, "98": 0.34566630598826287, "99": 0.3411423154366322}