{"0": 0.18277757927981161, "1": 0.23662756230882317, "2": 0.19507663091481403, "3": 0.22848553161326354, "4": 0.2348481034883522, "5": 0.21945073560047418, "6": 0.23399967181569828, "7": 0.2501239734164884, "8": 0.24561006332887933, "9": 0.2376612528233053, "10": 0.27189615299696296, "11": 0.2618983002934282, "12": 0.2440483870576524, "13": 0.26835781659598673, "14": 0.24444142112643488, "15": 0.24430444643467825, "16": 0.23798072644472434, "17": 0.25869626358557396, "18": 0.24913338870817545, "19": 0.2811442279893993, "20": 0.28110499840958464, "21": 0.2629871781263202, "22": 0.26878423422816783, "23": 0.2888486649279889, "24": 0.2861140160952719, "25": 0.2976377385293931, "26": 0.2529421341384594, "27": 0.27776410012346997, "28": 0.2789930182437484, "29": 0.25449093927686006, "30": 0.3629707912604014, "31": 0.3559410644647403, "32": 0.32858037085105213, "33": 0.33732835757426727, "34": 0.3292949934800466, "35": 0.3645309507846832, "36": 0.341295989889365, "37": 0.33921682888116594, "38": 0.3394897617590733, "39": 0.3049138219692768, "40": 0.31677859807625797, "41": 0.33246528758452487, "42": 0.33655853458704094, "43": 0.36927554122148415, "44": 0.3262467147448124, "45": 0.3124691987648988, "46": 0.3226168991281436, "47": 0.33007240830323636, "48": 0.3447497300612621, "49": 0.3628880996734668, "50": 0.381114175533637, "51": 0.35297255363219826, "52": 0.32010630277486946, "53": 0.3515704467510566, "54": 0.35249963777187543, "55": 0.3113219461379907, "56": 0.33917765433971697, "57": 0.2864284375539193, "58": 0.313436677478827, "59": 0.3463675916194916, "60": 0.34272709970290843, "61": 0.3331967092477358, "62": 0.32730144896568397, "63": 0.3527652661005656, "64": 0.32609361165609113, "65": 0.34274968061691674, "66": 0.34863339341603794, "67": 0.3325251953724103, "68": 0.3233755275225028, "69": 0.33410277282580353, "70": 0.3294771433640749, "71": 0.3399519697213784, "72": 0.3375241984159518, "73": 0.3395008188027602, "74": 0.32348217658507517, "75": 0.33993991116682687, "76": 0.3560992526702392, "77": 0.36155368020901313, "78": 0.36003851355650485, "79": 0.3313600031229166, "80": 0.3255197735933157, "81": 0.33683507488324094, "82": 0.3245274812747271, "83": 0.3483241128615844, "84": 0.3482739887176416, "85": 0.33702433300323975, "86": 0.37320383748947045, "87": 0.37994258732367786, "88": 0.35994539230297773, "89": 0.3295514335999122, "90": 0.3419064440788367, "91": 0.3246278970669477, "92": 0.3374536728247618, "93": 0.3382580356720166, "94": 0.3309858406965549, "95": 0.3463658889898887, "96": 0.34759845993457694, "97": 0.3450440275363433, "98": 0.34903929034868875, "99": 0.34753544819660676}